date,price
2021-01-01 02:00:00,29388.94
2021-01-02 02:00:00,32203.64
2021-01-03 02:00:00,33063.48
2021-01-04 02:00:00,32030.55
2021-01-05 02:00:00,34038.29
2021-01-06 02:00:00,36849.86
2021-01-07 02:00:00,39479.41
2021-01-08 02:00:00,40636.24
2021-01-09 02:00:00,40236.66
2021-01-10 02:00:00,38202.08
2021-01-11 02:00:00,35496.03
2021-01-12 02:00:00,34058.4
2021-01-13 02:00:00,37380.85
2021-01-14 02:00:00,39155.58
2021-01-15 02:00:00,36790.17
2021-01-16 02:00:00,36025.26
2021-01-17 02:00:00,35839.51
2021-01-18 02:00:00,36623.04
2021-01-19 02:00:00,35932.79
2021-01-20 02:00:00,35501.38
2021-01-21 02:00:00,30840.3
2021-01-22 02:00:00,33008.02
2021-01-23 02:00:00,32107.29
2021-01-24 02:00:00,32283.66
2021-01-25 02:00:00,32275.27
2021-01-26 02:00:00,32516.52
2021-01-27 02:00:00,30423.05
2021-01-28 02:00:00,33443.87
2021-01-29 02:00:00,34252.08
2021-01-30 02:00:00,34317.82
2021-01-31 02:00:00,33143.22
2021-02-01 02:00:00,33535.94
2021-02-02 02:00:00,35524.43
2021-02-03 02:00:00,37677.34
2021-02-04 02:00:00,36983.42
2021-02-05 02:00:00,38310.24
2021-02-06 02:00:00,39267.01
2021-02-07 02:00:00,38868.82
2021-02-08 02:00:00,46437.41
2021-02-09 02:00:00,46509.57
2021-02-10 02:00:00,44854.95
2021-02-11 02:00:00,48006.18
2021-02-12 02:00:00,47435.54
2021-02-13 02:00:00,47222.32
2021-02-14 02:00:00,48652.87
2021-02-15 02:00:00,47936.51
2021-02-16 02:00:00,49184.63
2021-02-17 02:00:00,52154.91
2021-02-18 02:00:00,51591.61
2021-02-19 02:00:00,55933.47
2021-02-20 02:00:00,55900.84
2021-02-21 02:00:00,57469.95
2021-02-22 02:00:00,54121.17
2021-02-23 02:00:00,48898.7
2021-02-24 02:00:00,49738.17
2021-02-25 02:00:00,47082.87
2021-02-26 02:00:00,46324.5
2021-02-27 02:00:00,46191.39
2021-02-28 02:00:00,45261.03
2021-03-01 02:00:00,49635.07
2021-03-02 02:00:00,48501.21
2021-03-03 02:00:00,50392.55
2021-03-04 02:00:00,48363.74
2021-03-05 02:00:00,48775.37
2021-03-06 02:00:00,48892.8
2021-03-07 02:00:00,50964.18
2021-03-08 02:00:00,52405.02
2021-03-09 02:00:00,54928.7
2021-03-10 02:00:00,55893.31
2021-03-11 02:00:00,57809.41
2021-03-12 02:00:00,57256.22
2021-03-13 02:00:00,61179.79
2021-03-14 02:00:00,58998.89
2021-03-15 02:00:00,55665.01
2021-03-16 02:00:00,56925.01
2021-03-17 02:00:00,58909.0
2021-03-18 02:00:00,57643.32
2021-03-19 02:00:00,58060.21
2021-03-20 02:00:00,58101.34
2021-03-21 02:00:00,57374.95
2021-03-22 02:00:00,54095.36
2021-03-23 02:00:00,54355.45
2021-03-24 02:00:00,52303.02
2021-03-25 02:00:00,51336.09
2021-03-26 02:00:00,55055.43
2021-03-27 02:00:00,55863.73
2021-03-28 02:00:00,55781.01
2021-03-29 03:00:00,57626.1
2021-03-30 03:00:00,58781.54
2021-03-31 03:00:00,58793.8
2021-04-01 03:00:00,58730.82
2021-04-02 03:00:00,58987.8
2021-04-03 03:00:00,57074.97
2021-04-04 03:00:00,58219.43
2021-04-05 03:00:00,59119.56
2021-04-06 03:00:00,58010.35
2021-04-07 03:00:00,55951.98
2021-04-08 03:00:00,58084.46
2021-04-09 03:00:00,58106.85
2021-04-10 03:00:00,59784.8
2021-04-11 03:00:00,59980.45
2021-04-12 03:00:00,59845.76
2021-04-13 03:00:00,63558.48
2021-04-14 03:00:00,62964.27
2021-04-15 03:00:00,63233.03
2021-04-16 03:00:00,61416.41
2021-04-17 03:00:00,60056.07
2021-04-18 03:00:00,56246.82
2021-04-19 03:00:00,55680.11
2021-04-20 03:00:00,56496.06
2021-04-21 03:00:00,53803.25
2021-04-22 03:00:00,51717.61
2021-04-23 03:00:00,51178.03
2021-04-24 03:00:00,50115.99
2021-04-25 03:00:00,49120.97
2021-04-26 03:00:00,54062.29
2021-04-27 03:00:00,55073.48
2021-04-28 03:00:00,54877.94
2021-04-29 03:00:00,53581.58
2021-04-30 03:00:00,57757.97
2021-05-01 03:00:00,57843.16
2021-05-02 03:00:00,56623.51
2021-05-03 03:00:00,57195.07
2021-05-04 03:00:00,53244.07
2021-05-05 03:00:00,57506.88
2021-05-06 03:00:00,56441.94
2021-05-07 03:00:00,57374.33
2021-05-08 03:00:00,58943.13
2021-05-09 03:00:00,58294.18
2021-05-10 03:00:00,55870.01
2021-05-11 03:00:00,56747.52
2021-05-12 03:00:00,49504.08
2021-05-13 03:00:00,49700.6
2021-05-14 03:00:00,49887.96
2021-05-15 03:00:00,46775.29
2021-05-16 03:00:00,46490.71
2021-05-17 03:00:00,43552.14
2021-05-18 03:00:00,42886.02
2021-05-19 03:00:00,36771.87
2021-05-20 03:00:00,40597.4
2021-05-21 03:00:00,37350.39
2021-05-22 03:00:00,37491.5
2021-05-23 03:00:00,34716.84
2021-05-24 03:00:00,38837.76
2021-05-25 03:00:00,38387.36
2021-05-26 03:00:00,39295.08
2021-05-27 03:00:00,38538.84
2021-05-28 03:00:00,35680.92
2021-05-29 03:00:00,34611.58
2021-05-30 03:00:00,35662.59
2021-05-31 03:00:00,37290.83
2021-06-01 03:00:00,36683.51
2021-06-02 03:00:00,37576.98
2021-06-03 03:00:00,39229.66
2021-06-04 03:00:00,36861.5
2021-06-05 03:00:00,35538.4
2021-06-06 03:00:00,35798.57
2021-06-07 03:00:00,33582.86
2021-06-08 03:00:00,33409.38
2021-06-09 03:00:00,37391.58
2021-06-10 03:00:00,36680.78
2021-06-11 03:00:00,37339.98
2021-06-12 03:00:00,35541.78
2021-06-13 03:00:00,39017.37
2021-06-14 03:00:00,40526.63
2021-06-15 03:00:00,40161.86
2021-06-16 03:00:00,38345.41
2021-06-17 03:00:00,38082.3
2021-06-18 03:00:00,35830.29
2021-06-19 03:00:00,35515.38
2021-06-20 03:00:00,35602.26
2021-06-21 03:00:00,31652.62
2021-06-22 03:00:00,32537.58
2021-06-23 03:00:00,33678.64
2021-06-24 03:00:00,34649.84
2021-06-25 03:00:00,31593.86
2021-06-26 03:00:00,32307.35
2021-06-27 03:00:00,34713.81
2021-06-28 03:00:00,34487.11
2021-06-29 03:00:00,35901.41
2021-06-30 03:00:00,35056.39
2021-07-01 03:00:00,33543.11
2021-07-02 03:00:00,33804.54
2021-07-03 03:00:00,34682.84
2021-07-04 03:00:00,35287.97
2021-07-05 03:00:00,33702.79
2021-07-06 03:00:00,34237.66
2021-07-07 03:00:00,33880.79
2021-07-08 03:00:00,32874.01
2021-07-09 03:00:00,33804.2
2021-07-10 03:00:00,33515.13
2021-07-11 03:00:00,34249.3
2021-07-12 03:00:00,33088.51
2021-07-13 03:00:00,32737.47
2021-07-14 03:00:00,32820.5
2021-07-15 03:00:00,31867.46
2021-07-16 03:00:00,31401.76
2021-07-17 03:00:00,31546.64
2021-07-18 03:00:00,31806.3
2021-07-19 03:00:00,30847.55
2021-07-20 03:00:00,29795.55
2021-07-21 03:00:00,32139.48
2021-07-22 03:00:00,32299.47
2021-07-23 03:00:00,33637.92
2021-07-24 03:00:00,34282.56
2021-07-25 03:00:00,35369.93
2021-07-26 03:00:00,37269.52
2021-07-27 03:00:00,39496.69
2021-07-28 03:00:00,40030.01
2021-07-29 03:00:00,40030.52
2021-07-30 03:00:00,42231.83
2021-07-31 03:00:00,41474.72
2021-08-01 03:00:00,39870.76
2021-08-02 03:00:00,39158.53
2021-08-03 03:00:00,38189.3
2021-08-04 03:00:00,39738.56
2021-08-05 03:00:00,40888.18
2021-08-06 03:00:00,42852.18
2021-08-07 03:00:00,44617.96
2021-08-08 03:00:00,43827.75
2021-08-09 03:00:00,46292.61
2021-08-10 03:00:00,45601.03
2021-08-11 03:00:00,45556.69
2021-08-12 03:00:00,44425.52
2021-08-13 03:00:00,47832.93
2021-08-14 03:00:00,47102.03
2021-08-15 03:00:00,47015.94
2021-08-16 03:00:00,45927.4
2021-08-17 03:00:00,44684.43
2021-08-18 03:00:00,44714.54
2021-08-19 03:00:00,46761.49
2021-08-20 03:00:00,49336.45
2021-08-21 03:00:00,48867.87
2021-08-22 03:00:00,49289.71
2021-08-23 03:00:00,49521.06
2021-08-24 03:00:00,47690.54
2021-08-25 03:00:00,48996.44
2021-08-26 03:00:00,46852.22
2021-08-27 03:00:00,49088.1
2021-08-28 03:00:00,48918.9
2021-08-29 03:00:00,48794.26
2021-08-30 03:00:00,46993.31
2021-08-31 03:00:00,47159.26
2021-09-01 03:00:00,48840.01
2021-09-02 03:00:00,49280.77
2021-09-03 03:00:00,50019.51
2021-09-04 03:00:00,49935.29
2021-09-05 03:00:00,51784.16
2021-09-06 03:00:00,52693.32
2021-09-07 03:00:00,46856.31
2021-09-08 03:00:00,46073.45
2021-09-09 03:00:00,46392.85
2021-09-10 03:00:00,44853.1
2021-09-11 03:00:00,45166.12
2021-09-12 03:00:00,46049.72
2021-09-13 03:00:00,44958.56
2021-09-14 03:00:00,47129.01
2021-09-15 03:00:00,48148.45
2021-09-16 03:00:00,47764.47
2021-09-17 03:00:00,47297.98
2021-09-18 03:00:00,48312.46
2021-09-19 03:00:00,47251.76
2021-09-20 03:00:00,42925.46
2021-09-21 03:00:00,40709.59
2021-09-22 03:00:00,43576.15
2021-09-23 03:00:00,44893.87
2021-09-24 03:00:00,42848.41
2021-09-25 03:00:00,42721.91
2021-09-26 03:00:00,43201.79
2021-09-27 03:00:00,42187.51
2021-09-28 03:00:00,41056.79
2021-09-29 03:00:00,41539.43
2021-09-30 03:00:00,43829.34
2021-10-01 03:00:00,48164.35
2021-10-02 03:00:00,47669.02
2021-10-03 03:00:00,48234.05
2021-10-04 03:00:00,49276.91
2021-10-05 03:00:00,51504.27
2021-10-06 03:00:00,55345.85
2021-10-07 03:00:00,53797.21
2021-10-08 03:00:00,53949.29
2021-10-09 03:00:00,54968.04
2021-10-10 03:00:00,54700.24
2021-10-11 03:00:00,57498.8
2021-10-12 03:00:00,56010.9
2021-10-13 03:00:00,57369.0
2021-10-14 03:00:00,57359.21
2021-10-15 03:00:00,61684.96
2021-10-16 03:00:00,60877.77
2021-10-17 03:00:00,61520.54
2021-10-18 03:00:00,62038.16
2021-10-19 03:00:00,64283.97
2021-10-20 03:00:00,66021.02
2021-10-21 03:00:00,62283.96
2021-10-22 03:00:00,60693.59
2021-10-23 03:00:00,61313.09
2021-10-24 03:00:00,60863.56
2021-10-25 03:00:00,63089.04
2021-10-26 03:00:00,60315.68
2021-10-27 03:00:00,58464.42
2021-10-28 03:00:00,60610.11
2021-10-29 03:00:00,62282.5
2021-10-30 03:00:00,61891.91
2021-10-31 03:00:00,61349.75
2021-11-01 02:00:00,60960.98
2021-11-02 02:00:00,63260.05
2021-11-03 02:00:00,62929.93
2021-11-04 02:00:00,61448.47
2021-11-05 02:00:00,61019.66
2021-11-06 02:00:00,61529.76
2021-11-07 02:00:00,63302.78
2021-11-08 02:00:00,67549.14
2021-11-09 02:00:00,66939.24
2021-11-10 02:00:00,64926.06
2021-11-11 02:00:00,64820.8
2021-11-12 02:00:00,64156.3
2021-11-13 02:00:00,64409.56
2021-11-14 02:00:00,65509.06
2021-11-15 02:00:00,63614.06
2021-11-16 02:00:00,60108.9
2021-11-17 02:00:00,60365.6
2021-11-18 02:00:00,56930.68
2021-11-19 02:00:00,58136.22
2021-11-20 02:00:00,59769.66
2021-11-21 02:00:00,58700.83
2021-11-22 02:00:00,56303.06
2021-11-23 02:00:00,57566.6
2021-11-24 02:00:00,57175.09
2021-11-25 02:00:00,58966.99
2021-11-26 02:00:00,53788.22
2021-11-27 02:00:00,54805.03
2021-11-28 02:00:00,57331.41
2021-11-29 02:00:00,57839.55
2021-11-30 02:00:00,56975.35
2021-12-01 02:00:00,57227.97
2021-12-02 02:00:00,56522.76
2021-12-03 02:00:00,53663.25
2021-12-04 02:00:00,49243.39
2021-12-05 02:00:00,49465.5
2021-12-06 02:00:00,50552.83
2021-12-07 02:00:00,50633.01
2021-12-08 02:00:00,50513.04
2021-12-09 02:00:00,47593.85
2021-12-10 02:00:00,47191.14
2021-12-11 02:00:00,49398.4
2021-12-12 02:00:00,50109.99
2021-12-13 02:00:00,46731.03
2021-12-14 02:00:00,48387.69
2021-12-15 02:00:00,48885.05
2021-12-16 02:00:00,47635.92
2021-12-17 02:00:00,46164.14
2021-12-18 02:00:00,46861.62
2021-12-19 02:00:00,46697.13
2021-12-20 02:00:00,46913.54
2021-12-21 02:00:00,48917.48
2021-12-22 02:00:00,48614.97
2021-12-23 02:00:00,50830.2
2021-12-24 02:00:00,50840.36
2021-12-25 02:00:00,50431.63
2021-12-26 02:00:00,50790.88
2021-12-27 02:00:00,50714.73
2021-12-28 02:00:00,47536.39
2021-12-29 02:00:00,46471.7
2021-12-30 02:00:00,47129.66
2021-12-31 02:00:00,46197.31
2022-01-01 02:00:00,47737.35
2022-01-02 02:00:00,47306.41
2022-01-03 02:00:00,46450.79
2022-01-04 02:00:00,45824.54
2022-01-05 02:00:00,43432.51
2022-01-06 02:00:00,43094.54
2022-01-07 02:00:00,41543.79
2022-01-08 02:00:00,41686.67
2022-01-09 02:00:00,41869.6
2022-01-10 02:00:00,41832.59
2022-01-11 02:00:00,42743.03
2022-01-12 02:00:00,43919.67
2022-01-13 02:00:00,42575.61
2022-01-14 02:00:00,43089.83
2022-01-15 02:00:00,43088.74
2022-01-16 02:00:00,43100.36
2022-01-17 02:00:00,42224.38
2022-01-18 02:00:00,42372.75
2022-01-19 02:00:00,41674.8
2022-01-20 02:00:00,40697.03
2022-01-21 02:00:00,36469.3
2022-01-22 02:00:00,35075.92
2022-01-23 02:00:00,36288.15
2022-01-24 02:00:00,36702.79
2022-01-25 02:00:00,36975.99
2022-01-26 02:00:00,36829.37
2022-01-27 02:00:00,37189.85
2022-01-28 02:00:00,37744.7
2022-01-29 02:00:00,38184.86
2022-01-30 02:00:00,37908.44
2022-01-31 02:00:00,38494.66
2022-02-01 02:00:00,38721.49
2022-02-02 02:00:00,36918.19
2022-02-03 02:00:00,37328.64
2022-02-04 02:00:00,41590.34
2022-02-05 02:00:00,41418.21
2022-02-06 02:00:00,42412.41
2022-02-07 02:00:00,43861.07
2022-02-08 02:00:00,44080.12
2022-02-09 02:00:00,44422.91
2022-02-10 02:00:00,43531.67
2022-02-11 02:00:00,42398.98
2022-02-12 02:00:00,42239.01
2022-02-13 02:00:00,42069.84
2022-02-14 02:00:00,42552.28
2022-02-15 02:00:00,44576.33
2022-02-16 02:00:00,43896.34
2022-02-17 02:00:00,40545.09
2022-02-18 02:00:00,39994.66
2022-02-19 02:00:00,40107.12
2022-02-20 02:00:00,38397.25
2022-02-21 02:00:00,37037.39
2022-02-22 02:00:00,38267.75
2022-02-23 02:00:00,37270.85
2022-02-24 02:00:00,38353.62
2022-02-25 02:00:00,39239.77
2022-02-26 02:00:00,39134.83
2022-02-27 02:00:00,37714.96
2022-02-28 02:00:00,43189.46
2022-03-01 02:00:00,44428.47
2022-03-02 02:00:00,43935.37
2022-03-03 02:00:00,42474.37
2022-03-04 02:00:00,39154.4
2022-03-05 02:00:00,39407.02
2022-03-06 02:00:00,38428.92
2022-03-07 02:00:00,38030.63
2022-03-08 02:00:00,38748.52
2022-03-09 02:00:00,41962.85
2022-03-10 02:00:00,39443.42
2022-03-11 02:00:00,38741.03
2022-03-12 02:00:00,38805.53
2022-03-13 02:00:00,37796.31
2022-03-14 02:00:00,39696.28
2022-03-15 02:00:00,39314.86
2022-03-16 02:00:00,41133.64
2022-03-17 02:00:00,40956.79
2022-03-18 02:00:00,41790.97
2022-03-19 02:00:00,42235.02
2022-03-20 02:00:00,41243.16
2022-03-21 02:00:00,41043.9
2022-03-22 02:00:00,42380.11
2022-03-23 02:00:00,42904.1
2022-03-24 02:00:00,44006.77
2022-03-25 02:00:00,44331.36
2022-03-26 02:00:00,44542.31
2022-03-27 02:00:00,46842.14
2022-03-28 03:00:00,47128.71
2022-03-29 03:00:00,47445.3
2022-03-30 03:00:00,47056.41
2022-03-31 03:00:00,45522.65
2022-04-01 03:00:00,46299.75
2022-04-02 03:00:00,45822.28
2022-04-03 03:00:00,46414.26
2022-04-04 03:00:00,46609.36
2022-04-05 03:00:00,45501.58
2022-04-06 03:00:00,43177.78
2022-04-07 03:00:00,43466.21
2022-04-08 03:00:00,42273.38
2022-04-09 03:00:00,42768.61
2022-04-10 03:00:00,42153.77
2022-04-11 03:00:00,39536.71
2022-04-12 03:00:00,40086.66
2022-04-13 03:00:00,41150.33
2022-04-14 03:00:00,39951.63
2022-04-15 03:00:00,40563.69
2022-04-16 03:00:00,40392.55
2022-04-17 03:00:00,39688.16
2022-04-18 03:00:00,40811.03
2022-04-19 03:00:00,41504.44
2022-04-20 03:00:00,41375.35
2022-04-21 03:00:00,40490.97
2022-04-22 03:00:00,39716.04
2022-04-23 03:00:00,39445.97
2022-04-24 03:00:00,39466.26
2022-04-25 03:00:00,40437.52
2022-04-26 03:00:00,38117.39
2022-04-27 03:00:00,39252.04
2022-04-28 03:00:00,39749.75
2022-04-29 03:00:00,38594.22
2022-04-30 03:00:00,37650.13
2022-05-01 03:00:00,38480.53
2022-05-02 03:00:00,38513.01
2022-05-03 03:00:00,37725.38
2022-05-04 03:00:00,39680.21
2022-05-05 03:00:00,36546.86
2022-05-06 03:00:00,36009.89
2022-05-07 03:00:00,35469.21
2022-05-08 03:00:00,34033.77
2022-05-09 03:00:00,30076.9
2022-05-10 03:00:00,31013.12
2022-05-11 03:00:00,29017.21
2022-05-12 03:00:00,28915.72
2022-05-13 03:00:00,29244.83
2022-05-14 03:00:00,30050.31
2022-05-15 03:00:00,31296.11
2022-05-16 03:00:00,29838.5
2022-05-17 03:00:00,30415.91
2022-05-18 03:00:00,28667.29
2022-05-19 03:00:00,30282.48
2022-05-20 03:00:00,29166.15
2022-05-21 03:00:00,29410.72
2022-05-22 03:00:00,30264.29
2022-05-23 03:00:00,29075.68
2022-05-24 03:00:00,29630.05
2022-05-25 03:00:00,29508.27
2022-05-26 03:00:00,29188.71
2022-05-27 03:00:00,28597.33
2022-05-28 03:00:00,29013.53
2022-05-29 03:00:00,29452.23
2022-05-30 03:00:00,31716.41
2022-05-31 03:00:00,31782.16
2022-06-01 03:00:00,29789.58
2022-06-02 03:00:00,30439.63
2022-06-03 03:00:00,29680.3
2022-06-04 03:00:00,29845.48
2022-06-05 03:00:00,29897.9
2022-06-06 03:00:00,31353.78
2022-06-07 03:00:00,31111.75
2022-06-08 03:00:00,30189.27
2022-06-09 03:00:00,30082.94
2022-06-10 03:00:00,29067.38
2022-06-11 03:00:00,28389.49
2022-06-12 03:00:00,26587.35
2022-06-13 03:00:00,22471.59
2022-06-14 03:00:00,22118.37
2022-06-15 03:00:00,22566.73
2022-06-16 03:00:00,20372.85
2022-06-17 03:00:00,20432.26
2022-06-18 03:00:00,18954.25
2022-06-19 03:00:00,20553.48
2022-06-20 03:00:00,20550.91
2022-06-21 03:00:00,20699.21
2022-06-22 03:00:00,19956.16
2022-06-23 03:00:00,21098.41
2022-06-24 03:00:00,21219.46
2022-06-25 03:00:00,21474.19
2022-06-26 03:00:00,21031.85
2022-06-27 03:00:00,20718.16
2022-06-28 03:00:00,20251.96
2022-06-29 03:00:00,20094.16
2022-06-30 03:00:00,19908.49
2022-07-01 03:00:00,19249.33
2022-07-02 03:00:00,19225.66
2022-07-03 03:00:00,19294.21
2022-07-04 03:00:00,20212.81
2022-07-05 03:00:00,20158.69
2022-07-06 03:00:00,20545.04
2022-07-07 03:00:00,21611.8
2022-07-08 03:00:00,21592.65
2022-07-09 03:00:00,21582.17
2022-07-10 03:00:00,20846.53
2022-07-11 03:00:00,19944.25
2022-07-12 03:00:00,19309.71
2022-07-13 03:00:00,20230.81
2022-07-14 03:00:00,20577.38
2022-07-15 03:00:00,20827.27
2022-07-16 03:00:00,21199.01
2022-07-17 03:00:00,20792.81
2022-07-18 03:00:00,22447.39
2022-07-19 03:00:00,23399.91
2022-07-20 03:00:00,23222.77
2022-07-21 03:00:00,23153.54
2022-07-22 03:00:00,22686.32
2022-07-23 03:00:00,22452.14
2022-07-24 03:00:00,22585.4
2022-07-25 03:00:00,21305.59
2022-07-26 03:00:00,21258.08
2022-07-27 03:00:00,22960.19
2022-07-28 03:00:00,23855.65
2022-07-29 03:00:00,23769.15
2022-07-30 03:00:00,23646.03
2022-07-31 03:00:00,23308.14
2022-08-01 03:00:00,23271.57
2022-08-02 03:00:00,22991.49
2022-08-03 03:00:00,22825.25
2022-08-04 03:00:00,22622.99
2022-08-05 03:00:00,23319.22
2022-08-06 03:00:00,22956.4
2022-08-07 03:00:00,23179.86
2022-08-08 03:00:00,23817.72
2022-08-09 03:00:00,23156.66
2022-08-10 03:00:00,23959.67
2022-08-11 03:00:00,23943.36
2022-08-12 03:00:00,24412.17
2022-08-13 03:00:00,24449.86
2022-08-14 03:00:00,24313.71
2022-08-15 03:00:00,24101.69
2022-08-16 03:00:00,23858.64
2022-08-17 03:00:00,23338.03
2022-08-18 03:00:00,23201.51
2022-08-19 03:00:00,20833.43
2022-08-20 03:00:00,21142.06
2022-08-21 03:00:00,21514.79
2022-08-22 03:00:00,21399.66
2022-08-23 03:00:00,21520.62
2022-08-24 03:00:00,21369.05
2022-08-25 03:00:00,21565.47
2022-08-26 03:00:00,20247.99
2022-08-27 03:00:00,20038.42
2022-08-28 03:00:00,19554.08
2022-08-29 03:00:00,20292.37
2022-08-30 03:00:00,19813.51
2022-08-31 03:00:00,20050.28
2022-09-01 03:00:00,20129.93
2022-09-02 03:00:00,19957.44
2022-09-03 03:00:00,19834.79
2022-09-04 03:00:00,20003.46
2022-09-05 03:00:00,19793.29
2022-09-06 03:00:00,18791.95
2022-09-07 03:00:00,19287.52
2022-09-08 03:00:00,19321.77
2022-09-09 03:00:00,21369.73
2022-09-10 03:00:00,21655.13
2022-09-11 03:00:00,21836.45
2022-09-12 03:00:00,22400.52
2022-09-13 03:00:00,20173.77
2022-09-14 03:00:00,20233.68
2022-09-15 03:00:00,19700.15
2022-09-16 03:00:00,19804.02
2022-09-17 03:00:00,20118.35
2022-09-18 03:00:00,19417.72
2022-09-19 03:00:00,19541.28
2022-09-20 03:00:00,18879.95
2022-09-21 03:00:00,18468.05
2022-09-22 03:00:00,19405.96
2022-09-23 03:00:00,19291.13
2022-09-24 03:00:00,18924.39
2022-09-25 03:00:00,18809.94
2022-09-26 03:00:00,19230.96
2022-09-27 03:00:00,19081.4
2022-09-28 03:00:00,19412.67
2022-09-29 03:00:00,19593.46
2022-09-30 03:00:00,19425.63
2022-10-01 03:00:00,19313.96
2022-10-02 03:00:00,19058.15
2022-10-03 03:00:00,19632.35
2022-10-04 03:00:00,20344.58
2022-10-05 03:00:00,20160.74
2022-10-06 03:00:00,19965.12
2022-10-07 03:00:00,19532.81
2022-10-08 03:00:00,19419.32
2022-10-09 03:00:00,19442.41
2022-10-10 03:00:00,19131.36
2022-10-11 03:00:00,19058.29
2022-10-12 03:00:00,19154.85
2022-10-13 03:00:00,19378.91
2022-10-14 03:00:00,19182.01
2022-10-15 03:00:00,19069.72
2022-10-16 03:00:00,19264.26
2022-10-17 03:00:00,19550.49
2022-10-18 03:00:00,19330.29
2022-10-19 03:00:00,19123.89
2022-10-20 03:00:00,19043.54
2022-10-21 03:00:00,19166.4
2022-10-22 03:00:00,19207.57
2022-10-23 03:00:00,19572.6
2022-10-24 03:00:00,19331.06
2022-10-25 03:00:00,20087.18
2022-10-26 03:00:00,20776.76
2022-10-27 03:00:00,20295.28
2022-10-28 03:00:00,20599.89
2022-10-29 03:00:00,20820.19
2022-10-30 03:00:00,20630.65
2022-10-31 02:00:00,20492.56
2022-11-01 02:00:00,20480.27
2022-11-02 02:00:00,20150.33
2022-11-03 02:00:00,20207.99
2022-11-04 02:00:00,21150.6
2022-11-05 02:00:00,21301.57
2022-11-06 02:00:00,20910.59
2022-11-07 02:00:00,20593.73
2022-11-08 02:00:00,18544.7
2022-11-09 02:00:00,15820.02
2022-11-10 02:00:00,17559.67
2022-11-11 02:00:00,17007.72
2022-11-12 02:00:00,16773.9
2022-11-13 02:00:00,16307.47
2022-11-14 02:00:00,16592.04
2022-11-15 02:00:00,16879.14
2022-11-16 02:00:00,16648.05
2022-11-17 02:00:00,16680.21
2022-11-18 02:00:00,16677.95
2022-11-19 02:00:00,16683.72
2022-11-20 02:00:00,16253.6
2022-11-21 02:00:00,15760.19
2022-11-22 02:00:00,16198.25
2022-11-23 02:00:00,16590.98
2022-11-24 02:00:00,16588.46
2022-11-25 02:00:00,16508.33
2022-11-26 02:00:00,16451.53
2022-11-27 02:00:00,16420.87
2022-11-28 02:00:00,16207.01
2022-11-29 02:00:00,16431.79
2022-11-30 02:00:00,17162.35
2022-12-01 02:00:00,16978.64
2022-12-02 02:00:00,17094.49
2022-12-03 02:00:00,16888.31
2022-12-04 02:00:00,17111.76
2022-12-05 02:00:00,16966.84
2022-12-06 02:00:00,17086.52
2022-12-07 02:00:00,16837.85
2022-12-08 02:00:00,17226.02
2022-12-09 02:00:00,17126.85
2022-12-10 02:00:00,17129.19
2022-12-11 02:00:00,17094.83
2022-12-12 02:00:00,17208.66
2022-12-13 02:00:00,17775.32
2022-12-14 02:00:00,17801.37
2022-12-15 02:00:00,17359.21
2022-12-16 02:00:00,16658.44
2022-12-17 02:00:00,16780.55
2022-12-18 02:00:00,16742.74
2022-12-19 02:00:00,16442.79
2022-12-20 02:00:00,16901.12
2022-12-21 02:00:00,16821.13
2022-12-22 02:00:00,16816.01
2022-12-23 02:00:00,16780.97
2022-12-24 02:00:00,16837.16
2022-12-25 02:00:00,16829.1
2022-12-26 02:00:00,16916.07
2022-12-27 02:00:00,16700.54
2022-12-28 02:00:00,16540.47
2022-12-29 02:00:00,16631.24
2022-12-30 02:00:00,16599.47
2022-12-31 02:00:00,16531.31
2023-01-01 02:00:00,16613.87
2023-01-02 02:00:00,16670.08
2023-01-03 02:00:00,16670.16
2023-01-04 02:00:00,16846.82
2023-01-05 02:00:00,16825.87
2023-01-06 02:00:00,16946.16
2023-01-07 02:00:00,16942.73
2023-01-08 02:00:00,17115.81
2023-01-09 02:00:00,17179.03
2023-01-10 02:00:00,17442.44
2023-01-11 02:00:00,17938.0
2023-01-12 02:00:00,18849.0
2023-01-13 02:00:00,19932.05
2023-01-14 02:00:00,20954.52
2023-01-15 02:00:00,20878.94
2023-01-16 02:00:00,21188.92
2023-01-17 02:00:00,21136.12
2023-01-18 02:00:00,20678.47
2023-01-19 02:00:00,21082.28
2023-01-20 02:00:00,22676.2
2023-01-21 02:00:00,22789.92
2023-01-22 02:00:00,22714.99
2023-01-23 02:00:00,22917.47
2023-01-24 02:00:00,22637.8
2023-01-25 02:00:00,23066.28
2023-01-26 02:00:00,23009.15
2023-01-27 02:00:00,23077.75
2023-01-28 02:00:00,23031.02
2023-01-29 02:00:00,23747.26
2023-01-30 02:00:00,22833.34
2023-01-31 02:00:00,23129.7
2023-02-01 02:00:00,23730.52
2023-02-02 02:00:00,23470.8
2023-02-03 02:00:00,23437.21
2023-02-04 02:00:00,23332.1
2023-02-05 02:00:00,22940.79
2023-02-06 02:00:00,22761.44
2023-02-07 02:00:00,23252.78
2023-02-08 02:00:00,22961.13
2023-02-09 02:00:00,21807.55
2023-02-10 02:00:00,21634.86
2023-02-11 02:00:00,21862.19
2023-02-12 02:00:00,21790.14
2023-02-13 02:00:00,21787.77
2023-02-14 02:00:00,22208.56
2023-02-15 02:00:00,24332.21
2023-02-16 02:00:00,23533.22
2023-02-17 02:00:00,24578.28
2023-02-18 02:00:00,24638.27
2023-02-19 02:00:00,24287.53
2023-02-20 02:00:00,24838.09
2023-02-21 02:00:00,24450.5
2023-02-22 02:00:00,24186.92
2023-02-23 02:00:00,23941.1
2023-02-24 02:00:00,23189.78
2023-02-25 02:00:00,23168.68
2023-02-26 02:00:00,23557.29
2023-02-27 02:00:00,23492.86
2023-02-28 02:00:00,23137.23
2023-03-01 02:00:00,23642.8
2023-03-02 02:00:00,23467.23
2023-03-03 02:00:00,22360.92
2023-03-04 02:00:00,22353.23
2023-03-05 02:00:00,22434.09
2023-03-06 02:00:00,22410.79
2023-03-07 02:00:00,22201.44
2023-03-08 02:00:00,21704.74
2023-03-09 02:00:00,20370.48
2023-03-10 02:00:00,20206.71
2023-03-11 02:00:00,20613.6
2023-03-12 02:00:00,22183.71
2023-03-13 02:00:00,24207.1
2023-03-14 02:00:00,24757.56
2023-03-15 02:00:00,24372.11
2023-03-16 02:00:00,25049.83
2023-03-17 02:00:00,27441.41
2023-03-18 02:00:00,26973.46
2023-03-19 02:00:00,28040.29
2023-03-20 02:00:00,27807.05
2023-03-21 02:00:00,28188.11
2023-03-22 02:00:00,27316.18
2023-03-23 02:00:00,28345.7
2023-03-24 02:00:00,27493.01
2023-03-25 02:00:00,27492.83
2023-03-26 02:00:00,27995.16
2023-03-27 03:00:00,27146.01
2023-03-28 03:00:00,27266.08
2023-03-29 03:00:00,28355.7
2023-03-30 03:00:00,28040.71
2023-03-31 03:00:00,28474.62
2023-04-01 03:00:00,28468.49
2023-04-02 03:00:00,28187.85
2023-04-03 03:00:00,27809.04
2023-04-04 03:00:00,28177.23
2023-04-05 03:00:00,28180.06
2023-04-06 03:00:00,28043.49
2023-04-07 03:00:00,27927.8
2023-04-08 03:00:00,27953.93
2023-04-09 03:00:00,28340.68
2023-04-10 03:00:00,29655.75
2023-04-11 03:00:00,30226.45
2023-04-12 03:00:00,29905.56
2023-04-13 03:00:00,30407.76
2023-04-14 03:00:00,30491.71
2023-04-15 03:00:00,30321.55
2023-04-16 03:00:00,30322.37
2023-04-17 03:00:00,29446.34
2023-04-18 03:00:00,30395.53
2023-04-19 03:00:00,28821.91
2023-04-20 03:00:00,28248.11
2023-04-21 03:00:00,27261.17
2023-04-22 03:00:00,27820.73
2023-04-23 03:00:00,27596.85
2023-04-24 03:00:00,27520.93
2023-04-25 03:00:00,28308.07
2023-04-26 03:00:00,28432.89
2023-04-27 03:00:00,29483.94
2023-04-28 03:00:00,29339.99
2023-04-29 03:00:00,29251.2
2023-04-30 03:00:00,29236.81
2023-05-01 03:00:00,28086.77
2023-05-02 03:00:00,28694.7
2023-05-03 03:00:00,29041.65
2023-05-04 03:00:00,28865.72
2023-05-05 03:00:00,29548.51
2023-05-06 03:00:00,28943.98
2023-05-07 03:00:00,28572.81
2023-05-08 03:00:00,27783.42
2023-05-09 03:00:00,27680.21
2023-05-10 03:00:00,27628.73
2023-05-11 03:00:00,26991.62
2023-05-12 03:00:00,26807.09
2023-05-13 03:00:00,26788.88
2023-05-14 03:00:00,26931.44
2023-05-15 03:00:00,27176.27
2023-05-16 03:00:00,27036.57
2023-05-17 03:00:00,27406.21
2023-05-18 03:00:00,26823.31
2023-05-19 03:00:00,26888.42
2023-05-20 03:00:00,27118.54
2023-05-21 03:00:00,26755.17
2023-05-22 03:00:00,26855.4
2023-05-23 03:00:00,27224.7
2023-05-24 03:00:00,26326.17
2023-05-25 03:00:00,26480.21
2023-05-26 03:00:00,26719.7
2023-05-27 03:00:00,26872.59
2023-05-28 03:00:00,28077.57
2023-05-29 03:00:00,27746.07
2023-05-30 03:00:00,27703.56
2023-05-31 03:00:00,27220.17
2023-06-01 03:00:00,26825.73
2023-06-02 03:00:00,27251.14
2023-06-03 03:00:00,27078.3
2023-06-04 03:00:00,27125.24
2023-06-05 03:00:00,25740.46
2023-06-06 03:00:00,27269.02
2023-06-07 03:00:00,26348.91
2023-06-08 03:00:00,26509.09
2023-06-09 03:00:00,26483.81
2023-06-10 03:00:00,25856.18
2023-06-11 03:00:00,25937.58
2023-06-12 03:00:00,25905.64
2023-06-13 03:00:00,25928.94
2023-06-14 03:00:00,25125.73
2023-06-15 03:00:00,25574.36
2023-06-16 03:00:00,26330.59
2023-06-17 03:00:00,26510.43
2023-06-18 03:00:00,26338.0
2023-06-19 03:00:00,26842.09
2023-06-20 03:00:00,28319.35
2023-06-21 03:00:00,30000.55
2023-06-22 03:00:00,29892.81
2023-06-23 03:00:00,30705.39
2023-06-24 03:00:00,30548.2
2023-06-25 03:00:00,30473.64
2023-06-26 03:00:00,30271.91
2023-06-27 03:00:00,30696.99
2023-06-28 03:00:00,30078.9
2023-06-29 03:00:00,30447.17
2023-06-30 03:00:00,30471.06
2023-07-01 03:00:00,30590.76
2023-07-02 03:00:00,30617.66
2023-07-03 03:00:00,31160.24
2023-07-04 03:00:00,30774.39
2023-07-05 03:00:00,30503.07
2023-07-06 03:00:00,29907.98
2023-07-07 03:00:00,30349.69
2023-07-08 03:00:00,30294.36
2023-07-09 03:00:00,30171.49
2023-07-10 03:00:00,30421.04
2023-07-11 03:00:00,30626.62
2023-07-12 03:00:00,30385.22
2023-07-13 03:00:00,31475.78
2023-07-14 03:00:00,30331.09
2023-07-15 03:00:00,30298.45
2023-07-16 03:00:00,30248.17
2023-07-17 03:00:00,30147.68
2023-07-18 03:00:00,29863.79
2023-07-19 03:00:00,29918.6
2023-07-20 03:00:00,29809.61
2023-07-21 03:00:00,29911.46
2023-07-22 03:00:00,29791.61
2023-07-23 03:00:00,30085.68
2023-07-24 03:00:00,29181.04
2023-07-25 03:00:00,29226.63
2023-07-26 03:00:00,29352.06
2023-07-27 03:00:00,29217.05
2023-07-28 03:00:00,29316.82
2023-07-29 03:00:00,29358.76
2023-07-30 03:00:00,29283.34
2023-07-31 03:00:00,29231.47
2023-08-01 03:00:00,29699.74
2023-08-02 03:00:00,29163.69
2023-08-03 03:00:00,29177.75
2023-08-04 03:00:00,29078.51
2023-08-05 03:00:00,29050.34
2023-08-06 03:00:00,29046.16
2023-08-07 03:00:00,29182.16
2023-08-08 03:00:00,29770.51
2023-08-09 03:00:00,29566.47
2023-08-10 03:00:00,29428.1
2023-08-11 03:00:00,29403.56
2023-08-12 03:00:00,29417.08
2023-08-13 03:00:00,29281.55
2023-08-14 03:00:00,29409.22
2023-08-15 03:00:00,29171.23
2023-08-16 03:00:00,28702.8
2023-08-17 03:00:00,26629.67
2023-08-18 03:00:00,26049.69
2023-08-19 03:00:00,26095.8
2023-08-20 03:00:00,26191.01
2023-08-21 03:00:00,26126.18
2023-08-22 03:00:00,26043.01
2023-08-23 03:00:00,26429.4
2023-08-24 03:00:00,26166.22
2023-08-25 03:00:00,26051.29
2023-08-26 03:00:00,26010.35
2023-08-27 03:00:00,26091.32
2023-08-28 03:00:00,26106.0
2023-08-29 03:00:00,27724.41
2023-08-30 03:00:00,27305.41
2023-08-31 03:00:00,25937.29
2023-09-01 03:00:00,25798.79
2023-09-02 03:00:00,25868.56
2023-09-03 03:00:00,25971.37
2023-09-04 03:00:00,25816.24
2023-09-05 03:00:00,25785.01
2023-09-06 03:00:00,25751.71
2023-09-07 03:00:00,26264.75
2023-09-08 03:00:00,25907.13
2023-09-09 03:00:00,25898.41
2023-09-10 03:00:00,25833.67
2023-09-11 03:00:00,25157.07
2023-09-12 03:00:00,25840.34
2023-09-13 03:00:00,26227.49
2023-09-14 03:00:00,26533.66
2023-09-15 03:00:00,26605.49
2023-09-16 03:00:00,26569.13
2023-09-17 03:00:00,26533.12
2023-09-18 03:00:00,26767.82
2023-09-19 03:00:00,27219.02
2023-09-20 03:00:00,27126.4
2023-09-21 03:00:00,26567.47
2023-09-22 03:00:00,26583.16
2023-09-23 03:00:00,26585.41
2023-09-24 03:00:00,26261.44
2023-09-25 03:00:00,26297.93
2023-09-26 03:00:00,26212.59
2023-09-27 03:00:00,26360.2
2023-09-28 03:00:00,27027.2
2023-09-29 03:00:00,26909.4
2023-09-30 03:00:00,26964.27
2023-10-01 03:00:00,27994.51
2023-10-02 03:00:00,27507.22
2023-10-03 03:00:00,27428.66
2023-10-04 03:00:00,27789.8
2023-10-05 03:00:00,27414.59
2023-10-06 03:00:00,27946.61
2023-10-07 03:00:00,27973.69
2023-10-08 03:00:00,27933.57
2023-10-09 03:00:00,27598.77
2023-10-10 03:00:00,27395.4
2023-10-11 03:00:00,26871.21
2023-10-12 03:00:00,26756.23
2023-10-13 03:00:00,26862.9
2023-10-14 03:00:00,26854.52
2023-10-15 03:00:00,27177.41
2023-10-16 03:00:00,28518.37
2023-10-17 03:00:00,28409.46
2023-10-18 03:00:00,28328.07
2023-10-19 03:00:00,28733.78
2023-10-20 03:00:00,29684.37
2023-10-21 03:00:00,29924.08
2023-10-22 03:00:00,30001.44
2023-10-23 03:00:00,33084.08
2023-10-24 03:00:00,33923.52
2023-10-25 03:00:00,34503.4
2023-10-26 03:00:00,34157.06
2023-10-27 03:00:00,33907.7
2023-10-28 03:00:00,34090.05
2023-10-29 03:00:00,34535.38
2023-10-30 02:00:00,34494.56
2023-10-31 02:00:00,34657.73
2023-11-01 02:00:00,35439.76
2023-11-02 02:00:00,34947.15
2023-11-03 02:00:00,34732.28
2023-11-04 02:00:00,35086.09
2023-11-05 02:00:00,35039.47
2023-11-06 02:00:00,35054.59
2023-11-07 02:00:00,35421.85
2023-11-08 02:00:00,35638.33
2023-11-09 02:00:00,36704.14
2023-11-10 02:00:00,37321.51
2023-11-11 02:00:00,37142.22
2023-11-12 02:00:00,37079.76
2023-11-13 02:00:00,36482.51
2023-11-14 02:00:00,35551.21
2023-11-15 02:00:00,37884.19
2023-11-16 02:00:00,36162.42
2023-11-17 02:00:00,36626.32
2023-11-18 02:00:00,36591.19
2023-11-19 02:00:00,37388.64
2023-11-20 02:00:00,37476.66
2023-11-21 02:00:00,35758.72
2023-11-22 02:00:00,37424.2
2023-11-23 02:00:00,37299.18
2023-11-24 02:00:00,37737.05
2023-11-25 02:00:00,37801.92
2023-11-26 02:00:00,37460.21
2023-11-27 02:00:00,37246.29
2023-11-28 02:00:00,37836.63
2023-11-29 02:00:00,37861.9
2023-11-30 02:00:00,37729.58
2023-12-01 02:00:00,38699.84
2023-12-02 02:00:00,39469.35
2023-12-03 02:00:00,39980.93
2023-12-04 02:00:00,41984.41
2023-12-05 02:00:00,44089.06
2023-12-06 02:00:00,43771.01
2023-12-07 02:00:00,43285.02
2023-12-08 02:00:00,44186.18
2023-12-09 02:00:00,43723.0
2023-12-10 02:00:00,43791.67
2023-12-11 02:00:00,41235.58
2023-12-12 02:00:00,41472.94
2023-12-13 02:00:00,42887.55
2023-12-14 02:00:00,43030.6
2023-12-15 02:00:00,41939.16
2023-12-16 02:00:00,42243.26
2023-12-17 02:00:00,41349.42
2023-12-18 02:00:00,42650.27
2023-12-19 02:00:00,42268.08
2023-12-20 02:00:00,43669.91
2023-12-21 02:00:00,43875.01
2023-12-22 02:00:00,44008.04
2023-12-23 02:00:00,43732.75
2023-12-24 02:00:00,43023.12
2023-12-25 02:00:00,43593.79
2023-12-26 02:00:00,42517.32
2023-12-27 02:00:00,43469.34
2023-12-28 02:00:00,42588.94
2023-12-29 02:00:00,42073.59
2023-12-30 02:00:00,42146.03
2023-12-31 02:00:00,42280.14
2024-01-01 02:00:00,44197.61
2024-01-02 02:00:00,44970.34
2024-01-03 02:00:00,42854.08
2024-01-04 02:00:00,44194.38
2024-01-05 02:00:00,44178.89
2024-01-06 02:00:00,43988.33
2024-01-07 02:00:00,43950.84
2024-01-08 02:00:00,46988.14
2024-01-09 02:00:00,46123.0
2024-01-10 02:00:00,46667.48
2024-01-11 02:00:00,46353.15
2024-01-12 02:00:00,42776.42
2024-01-13 02:00:00,42839.19
2024-01-14 02:00:00,41704.39
2024-01-15 02:00:00,42491.26
2024-01-16 02:00:00,43130.88
2024-01-17 02:00:00,42739.27
2024-01-18 02:00:00,41286.68
2024-01-19 02:00:00,41625.47
2024-01-20 02:00:00,41677.08
2024-01-21 02:00:00,41570.17
2024-01-22 02:00:00,39523.63
2024-01-23 02:00:00,39876.44
2024-01-24 02:00:00,40078.62
2024-01-25 02:00:00,39941.74
2024-01-26 02:00:00,41816.55
2024-01-27 02:00:00,42124.02
2024-01-28 02:00:00,42028.92
2024-01-29 02:00:00,43302.28
2024-01-30 02:00:00,42943.64
2024-01-31 02:00:00,42555.08
2024-02-01 02:00:00,43073.2
2024-02-02 02:00:00,43181.71
2024-02-03 02:00:00,42999.52
2024-02-04 02:00:00,42570.21
2024-02-05 02:00:00,42664.56
2024-02-06 02:00:00,43091.51
2024-02-07 02:00:00,44339.04
2024-02-08 02:00:00,45304.61
2024-02-09 02:00:00,47154.23
2024-02-10 02:00:00,47768.12
2024-02-11 02:00:00,48311.16
2024-02-12 02:00:00,49942.97
2024-02-13 02:00:00,49733.11
2024-02-14 02:00:00,51844.19
2024-02-15 02:00:00,51934.57
2024-02-16 02:00:00,52163.28
2024-02-17 02:00:00,51668.78
2024-02-18 02:00:00,52139.33
2024-02-19 02:00:00,51781.22
2024-02-20 02:00:00,52269.59
2024-02-21 02:00:00,51854.36
2024-02-22 02:00:00,51263.67
2024-02-23 02:00:00,50744.07
2024-02-24 02:00:00,51574.61
2024-02-25 02:00:00,51727.63
2024-02-26 02:00:00,54518.58
2024-02-27 02:00:00,57071.6
2024-02-28 02:00:00,62507.1
2024-02-29 02:00:00,61179.58
2024-03-01 02:00:00,62431.25
2024-03-02 02:00:00,62038.39
2024-03-03 02:00:00,63149.43
2024-03-04 02:00:00,68338.64
2024-03-05 02:00:00,63804.11
2024-03-06 02:00:00,66115.57
2024-03-07 02:00:00,66928.15
2024-03-08 02:00:00,68269.39
2024-03-09 02:00:00,68446.32
2024-03-10 02:00:00,69023.53
2024-03-11 02:00:00,72095.86
2024-03-12 02:00:00,71449.5
2024-03-13 02:00:00,73118.09
2024-03-14 02:00:00,71366.96
2024-03-15 02:00:00,69497.39
2024-03-16 02:00:00,65260.55
2024-03-17 02:00:00,68364.45
2024-03-18 02:00:00,67609.44
2024-03-19 02:00:00,61924.02
2024-03-20 02:00:00,67857.3
2024-03-21 02:00:00,65493.22
2024-03-22 02:00:00,63816.99
2024-03-23 02:00:00,64004.42
2024-03-24 02:00:00,67208.33
2024-03-25 02:00:00,69892.26
2024-03-26 02:00:00,69990.22
2024-03-27 02:00:00,69434.46
2024-03-28 02:00:00,70789.57
2024-03-29 02:00:00,69903.72
2024-03-30 02:00:00,69629.99
2024-03-31 02:00:00,71312.91
